timestamp,occupancy
2016-01-01 00:00:00,61.308628243925284
2016-01-01 01:00:00,61.3065471929328
2016-01-01 02:00:00,61.3044661419403
2016-01-01 03:00:00,61.30238509094781
2016-01-01 04:00:00,61.30030403995531
2016-01-01 05:00:00,61.29822298896281
2016-01-01 06:00:00,174.1521628734692
2016-01-01 07:00:00,174.1417576185067
2016-01-01 08:00:00,174.13135236354424
2016-01-01 09:00:00,174.12094710858173
2016-01-01 10:00:00,145.90486082371456
2016-01-01 11:00:00,145.89653661974455
2016-01-01 12:00:00,145.88821241577457
2016-01-01 13:00:00,145.8798882118046
2016-01-01 14:00:00,145.87156400783465
2016-01-01 15:00:00,145.86323980386464
2016-01-01 16:00:00,145.85491559989464
2016-01-01 17:00:00,202.22881874183923
2016-01-01 18:00:00,202.21633243588423
2016-01-01 19:00:00,202.2038461299293
2016-01-01 20:00:00,202.1913598239743
2016-01-01 21:00:00,127.02476826738656
2016-01-01 22:00:00,127.01783143074493
2016-01-01 23:00:00,61.26076407109791
2016-01-02 00:00:00,61.25868302010541
2016-01-02 01:00:00,61.25660196911292
2016-01-02 02:00:00,61.25452091812042
2016-01-02 03:00:00,61.25243986712793
2016-01-02 04:00:00,61.25035881613543
2016-01-02 05:00:00,61.24827776514294
2016-01-02 06:00:00,173.90243675436977
2016-01-02 07:00:00,173.89203149940732
2016-01-02 08:00:00,173.88162624444482
2016-01-02 09:00:00,173.87122098948237
2016-01-02 10:00:00,145.70507992843503
2016-01-02 11:00:00,145.69675572446505
2016-01-02 12:00:00,145.68843152049504
2016-01-02 13:00:00,145.6801073165251
2016-01-02 14:00:00,145.6717831125551
2016-01-02 15:00:00,145.6634589085851
2016-01-02 16:00:00,145.65513470461514
2016-01-02 17:00:00,201.92914739891995
2016-01-02 18:00:00,201.91666109296497
2016-01-02 19:00:00,201.90417478701002
2016-01-02 20:00:00,201.89168848105507
2016-01-02 21:00:00,126.85828418798697
2016-01-02 22:00:00,126.85134735134534
2016-01-02 23:00:00,61.21081884727803
2016-01-03 00:00:00,61.20873779628553
2016-01-03 01:00:00,61.20665674529304
2016-01-03 02:00:00,61.204575694300544
2016-01-03 03:00:00,61.20249464330805
2016-01-03 04:00:00,61.200413592315556
2016-01-03 05:00:00,61.198332541323055
2016-01-03 06:00:00,173.6527106352704
2016-01-03 07:00:00,173.64230538030793
2016-01-03 08:00:00,173.63190012534545
2016-01-03 09:00:00,173.62149487038295
2016-01-03 10:00:00,145.50529903315555
2016-01-03 11:00:00,145.49697482918555
2016-01-03 12:00:00,145.48865062521554
2016-01-03 13:00:00,145.4803264212456
2016-01-03 14:00:00,145.4720022172756
2016-01-03 15:00:00,145.46367801330564
2016-01-03 16:00:00,145.45535380933563
2016-01-03 17:00:00,201.6294760560007
2016-01-03 18:00:00,201.61698975004572
2016-01-03 19:00:00,201.60450344409077
2016-01-03 20:00:00,201.59201713813576
2016-01-03 21:00:00,126.69180010858739
2016-01-03 22:00:00,126.68486327194574
2016-01-03 23:00:00,61.16087362345815
2016-01-04 00:00:00,61.15879257246566
2016-01-04 01:00:00,61.15671152147317
2016-01-04 02:00:00,61.15463047048067
2016-01-04 03:00:00,61.152549419488174
2016-01-04 04:00:00,61.15046836849567
2016-01-04 05:00:00,61.148387317503186
2016-01-04 06:00:00,173.40298451617102
2016-01-04 07:00:00,173.39257926120854
2016-01-04 08:00:00,173.3821740062461
2016-01-04 09:00:00,173.37176875128358
2016-01-04 10:00:00,145.30551813787602
2016-01-04 11:00:00,145.29719393390604
2016-01-04 12:00:00,145.2888697299361
2016-01-04 13:00:00,145.2805455259661
2016-01-04 14:00:00,145.27222132199608
2016-01-04 15:00:00,145.26389711802608
2016-01-04 16:00:00,145.25557291405613
2016-01-04 17:00:00,201.32980471308144
2016-01-04 18:00:00,201.31731840712646
2016-01-04 19:00:00,201.30483210117148
2016-01-04 20:00:00,201.2923457952165
2016-01-04 21:00:00,126.5253160291878
2016-01-04 22:00:00,126.51837919254616
2016-01-04 23:00:00,61.110928399638276
2016-01-05 00:00:00,61.10884734864578
2016-01-05 01:00:00,61.106766297653294
2016-01-05 02:00:00,61.10468524666079
2016-01-05 03:00:00,61.1026041956683
2016-01-05 04:00:00,61.100523144675805
2016-01-05 05:00:00,61.0984420936833
2016-01-05 06:00:00,173.15325839707162
2016-01-05 07:00:00,173.14285314210917
2016-01-05 08:00:00,173.13244788714667
2016-01-05 09:00:00,173.12204263218422
2016-01-05 10:00:00,145.1057372425965
2016-01-05 11:00:00,145.09741303862654
2016-01-05 12:00:00,145.08908883465654
2016-01-05 13:00:00,145.08076463068656
2016-01-05 14:00:00,145.07244042671658
2016-01-05 15:00:00,145.06411622274658
2016-01-05 16:00:00,145.05579201877663
2016-01-05 17:00:00,201.0301333701622
2016-01-05 18:00:00,201.01764706420718
2016-01-05 19:00:00,201.00516075825223
2016-01-05 20:00:00,200.99267445229728
2016-01-05 21:00:00,126.35883194978821
2016-01-05 22:00:00,126.35189511314657
2016-01-05 23:00:00,61.06098317581839
2016-01-06 00:00:00,61.058902124825906
2016-01-06 01:00:00,61.05682107383341
2016-01-06 02:00:00,61.05474002284092
2016-01-06 03:00:00,61.052658971848416
2016-01-06 04:00:00,61.05057792085592
2016-01-06 05:00:00,61.04849686986343
2016-01-06 06:00:00,172.90353227797223
2016-01-06 07:00:00,172.89312702300975
2016-01-06 08:00:00,172.8827217680473
2016-01-06 09:00:00,172.87231651308485
2016-01-06 10:00:00,144.905956347317
2016-01-06 11:00:00,144.897632143347
2016-01-06 12:00:00,144.88930793937703
2016-01-06 13:00:00,144.88098373540703
2016-01-06 14:00:00,144.87265953143708
2016-01-06 15:00:00,144.86433532746707
2016-01-06 16:00:00,144.85601112349713
2016-01-06 17:00:00,200.7304620272429
2016-01-06 18:00:00,200.71797572128793
2016-01-06 19:00:00,200.70548941533298
2016-01-06 20:00:00,200.693003109378
2016-01-06 21:00:00,126.19234787038862
2016-01-06 22:00:00,126.18541103374696
2016-01-06 23:00:00,61.01103795199852
2016-01-07 00:00:00,61.00895690100602
2016-01-07 01:00:00,61.00687585001353
2016-01-07 02:00:00,61.004794799021035
2016-01-07 03:00:00,61.00271374802854
2016-01-07 04:00:00,61.000632697036046
2016-01-07 05:00:00,60.99855164604355
2016-01-07 06:00:00,172.65380615887287
2016-01-07 07:00:00,172.6434009039104
2016-01-07 08:00:00,172.63299564894788
2016-01-07 09:00:00,172.62259039398543
2016-01-07 10:00:00,144.70617545203748
2016-01-07 11:00:00,144.69785124806748
2016-01-07 12:00:00,144.68952704409753
2016-01-07 13:00:00,144.68120284012753
2016-01-07 14:00:00,144.67287863615755
2016-01-07 15:00:00,144.66455443218757
2016-01-07 16:00:00,144.65623022821762
2016-01-07 17:00:00,200.43079068432365
2016-01-07 18:00:00,200.4183043783687
2016-01-07 19:00:00,200.40581807241372
2016-01-07 20:00:00,200.39333176645872
2016-01-07 21:00:00,126.02586379098905
2016-01-07 22:00:00,126.01892695434739
2016-01-07 23:00:00,60.96109272817864
2016-01-08 00:00:00,60.959011677186155
2016-01-08 01:00:00,60.95693062619365
2016-01-08 02:00:00,60.95484957520116
2016-01-08 03:00:00,60.952768524208665
2016-01-08 04:00:00,60.95068747321617
2016-01-08 05:00:00,60.948606422223676
2016-01-08 06:00:00,172.4040800397735
2016-01-08 07:00:00,172.39367478481097
2016-01-08 08:00:00,172.38326952984852
2016-01-08 09:00:00,172.37286427488607
2016-01-08 10:00:00,144.50639455675798
2016-01-08 11:00:00,144.498070352788
2016-01-08 12:00:00,144.48974614881803
2016-01-08 13:00:00,144.48142194484802
2016-01-08 14:00:00,144.47309774087807
2016-01-08 15:00:00,144.46477353690807
2016-01-08 16:00:00,144.45644933293812
2016-01-08 17:00:00,200.1311193414044
2016-01-08 18:00:00,200.11863303544942
2016-01-08 19:00:00,200.10614672949444
2016-01-08 20:00:00,200.09366042353952
2016-01-08 21:00:00,125.85937971158944
2016-01-08 22:00:00,125.8524428749478
2016-01-08 23:00:00,60.911147504358766
2016-01-09 00:00:00,60.90906645336628
2016-01-09 01:00:00,60.90698540237378
2016-01-09 02:00:00,60.90490435138128
2016-01-09 03:00:00,60.90282330038879
2016-01-09 04:00:00,60.900742249396295
2016-01-09 05:00:00,60.8986611984038
2016-01-09 06:00:00,172.1543539206741
2016-01-09 07:00:00,172.1439486657116
2016-01-09 08:00:00,172.13354341074916
2016-01-09 09:00:00,172.12313815578668
2016-01-09 10:00:00,144.30661366147848
2016-01-09 11:00:00,144.29828945750847
2016-01-09 12:00:00,144.28996525353853
2016-01-09 13:00:00,144.28164104956852
2016-01-09 14:00:00,144.27331684559857
2016-01-09 15:00:00,144.26499264162857
2016-01-09 16:00:00,144.25666843765862
2016-01-09 17:00:00,199.83144799848515
2016-01-09 18:00:00,199.81896169253014
2016-01-09 19:00:00,199.8064753865752
2016-01-09 20:00:00,199.7939890806202
2016-01-09 21:00:00,125.69289563218986
2016-01-09 22:00:00,125.68595879554822
2016-01-09 23:00:00,60.86120228053889
2016-01-10 00:00:00,60.859121229546396
2016-01-10 01:00:00,60.8570401785539
2016-01-10 02:00:00,60.85495912756141
2016-01-10 03:00:00,60.85287807656891
2016-01-10 04:00:00,60.85079702557641
2016-01-10 05:00:00,60.84871597458392
2016-01-10 06:00:00,171.9046278015747
2016-01-10 07:00:00,171.8942225466122
2016-01-10 08:00:00,171.88381729164973
2016-01-10 09:00:00,171.87341203668728
2016-01-10 10:00:00,144.10683276619895
2016-01-10 11:00:00,144.09850856222897
2016-01-10 12:00:00,144.090184358259
2016-01-10 13:00:00,144.08186015428902
2016-01-10 14:00:00,144.073535950319
2016-01-10 15:00:00,144.06521174634906
2016-01-10 16:00:00,144.0568875423791
2016-01-10 17:00:00,199.53177665556586
2016-01-10 18:00:00,199.5192903496109
2016-01-10 19:00:00,199.50680404365593
2016-01-10 20:00:00,199.49431773770098
2016-01-10 21:00:00,125.52641155279026
2016-01-10 22:00:00,125.51947471614862
2016-01-10 23:00:00,60.81125705671901
2016-01-11 00:00:00,60.80917600572652
2016-01-11 01:00:00,60.807094954734026
2016-01-11 02:00:00,60.805013903741525
2016-01-11 03:00:00,60.80293285274903
2016-01-11 04:00:00,60.80085180175654
2016-01-11 05:00:00,60.79877075076404
2016-01-11 06:00:00,171.65490168247533
2016-01-11 07:00:00,171.64449642751285
2016-01-11 08:00:00,171.63409117255037
2016-01-11 09:00:00,171.62368591758786
2016-01-11 10:00:00,143.90705187091947
2016-01-11 11:00:00,143.89872766694947
2016-01-11 12:00:00,143.89040346297946
2016-01-11 13:00:00,143.88207925900952
2016-01-11 14:00:00,143.87375505503954
2016-01-11 15:00:00,143.86543085106956
2016-01-11 16:00:00,143.85710664709956
2016-01-11 17:00:00,199.2321053126466
2016-01-11 18:00:00,199.21961900669166
2016-01-11 19:00:00,199.20713270073668
2016-01-11 20:00:00,199.19464639478167
2016-01-11 21:00:00,125.35992747339067
2016-01-11 22:00:00,125.35299063674901
2016-01-11 23:00:00,60.76131183289914
2016-01-12 00:00:00,60.75923078190664
2016-01-12 01:00:00,60.75714973091415
2016-01-12 02:00:00,60.755068679921656
2016-01-12 03:00:00,60.752987628929155
2016-01-12 04:00:00,60.75090657793666
2016-01-12 05:00:00,60.74882552694417
2016-01-12 06:00:00,171.40517556337596
2016-01-12 07:00:00,171.39477030841346
2016-01-12 08:00:00,171.384365053451
2016-01-12 09:00:00,171.3739597984885
2016-01-12 10:00:00,143.70727097563997
2016-01-12 11:00:00,143.69894677166997
2016-01-12 12:00:00,143.69062256770002
2016-01-12 13:00:00,143.68229836373
2016-01-12 14:00:00,143.67397415976006
2016-01-12 15:00:00,143.66564995579006
2016-01-12 16:00:00,143.65732575182008
2016-01-12 17:00:00,198.93243396972736
2016-01-12 18:00:00,198.91994766377238
2016-01-12 19:00:00,198.9074613578174
2016-01-12 20:00:00,198.89497505186242
2016-01-12 21:00:00,125.19344339399107
2016-01-12 22:00:00,125.18650655734943
2016-01-12 23:00:00,60.71136660907926
2016-01-13 00:00:00,60.70928555808676
2016-01-13 01:00:00,60.707204507094275
2016-01-13 02:00:00,60.705123456101774
2016-01-13 03:00:00,60.70304240510928
2016-01-13 04:00:00,60.700961354116785
2016-01-13 05:00:00,60.69888030312429
2016-01-13 06:00:00,171.15544944427657
2016-01-13 07:00:00,171.1450441893141
2016-01-13 08:00:00,171.13463893435159
2016-01-13 09:00:00,171.12423367938914
2016-01-13 10:00:00,143.50749008036044
2016-01-13 11:00:00,143.49916587639046
2016-01-13 12:00:00,143.49084167242046
2016-01-13 13:00:00,143.4825174684505
2016-01-13 14:00:00,143.47419326448053
2016-01-13 15:00:00,143.46586906051056
2016-01-13 16:00:00,143.45754485654055
2016-01-13 17:00:00,198.6327626268081
2016-01-13 18:00:00,198.6202763208531
2016-01-13 19:00:00,198.60779001489814
2016-01-13 20:00:00,198.59530370894316
2016-01-13 21:00:00,125.0269593145915
2016-01-13 22:00:00,125.02002247794984
2016-01-13 23:00:00,60.66142138525939
2016-01-14 00:00:00,60.659340334266886
2016-01-14 01:00:00,60.65725928327439
2016-01-14 02:00:00,60.6551782322819
2016-01-14 03:00:00,60.653097181289404
2016-01-14 04:00:00,60.65101613029691
2016-01-14 05:00:00,60.648935079304415
2016-01-14 06:00:00,170.90572332517718
2016-01-14 07:00:00,170.89531807021467
2016-01-14 08:00:00,170.8849128152522
2016-01-14 09:00:00,170.87450756028974
2016-01-14 10:00:00,143.3077091850809
2016-01-14 11:00:00,143.29938498111093
2016-01-14 12:00:00,143.29106077714098
2016-01-14 13:00:00,143.282736573171
2016-01-14 14:00:00,143.274412369201
2016-01-14 15:00:00,143.26608816523103
2016-01-14 16:00:00,143.25776396126105
2016-01-14 17:00:00,198.33309128388882
2016-01-14 18:00:00,198.3206049779338
2016-01-14 19:00:00,198.3081186719789
2016-01-14 20:00:00,198.2956323660239
2016-01-14 21:00:00,124.8604752351919
2016-01-14 22:00:00,124.85353839855024
2016-01-14 23:00:00,60.611476161439505
2016-01-15 00:00:00,60.60939511044701
2016-01-15 01:00:00,60.60731405945452
2016-01-15 02:00:00,60.60523300846202
2016-01-15 03:00:00,60.60315195746952
2016-01-15 04:00:00,60.601070906477034
2016-01-15 05:00:00,60.59898985548454
2016-01-15 06:00:00,170.65599720607776
2016-01-15 07:00:00,170.64559195111528
2016-01-15 08:00:00,170.63518669615283
2016-01-15 09:00:00,170.62478144119035
2016-01-15 10:00:00,143.1079282898014
2016-01-15 11:00:00,143.09960408583143
2016-01-15 12:00:00,143.09127988186145
2016-01-15 13:00:00,143.08295567789145
2016-01-15 14:00:00,143.0746314739215
2016-01-15 15:00:00,143.06630726995152
2016-01-15 16:00:00,143.05798306598155
2016-01-15 17:00:00,198.03341994096954
2016-01-15 18:00:00,198.02093363501456
2016-01-15 19:00:00,198.00844732905963
2016-01-15 20:00:00,197.99596102310466
2016-01-15 21:00:00,124.6939911557923
2016-01-15 22:00:00,124.68705431915065
2016-01-15 23:00:00,60.56153093761963
2016-01-16 00:00:00,60.559449886627135
2016-01-16 01:00:00,60.557368835634634
2016-01-16 02:00:00,60.55528778464214
2016-01-16 03:00:00,60.553206733649645
2016-01-16 04:00:00,60.55112568265716
2016-01-16 05:00:00,60.54904463166466
2016-01-16 06:00:00,170.40627108697836
2016-01-16 07:00:00,170.39586583201591
2016-01-16 08:00:00,170.38546057705344
2016-01-16 09:00:00,170.37505532209096
2016-01-16 10:00:00,142.9081473945219
2016-01-16 11:00:00,142.8998231905519
2016-01-16 12:00:00,142.89149898658195
2016-01-16 13:00:00,142.883174782612
2016-01-16 14:00:00,142.874850578642
2016-01-16 15:00:00,142.866526374672
2016-01-16 16:00:00,142.85820217070204
2016-01-16 17:00:00,197.73374859805028
2016-01-16 18:00:00,197.72126229209533
2016-01-16 19:00:00,197.70877598614035
2016-01-16 20:00:00,197.69628968018534
2016-01-16 21:00:00,124.52750707639272
2016-01-16 22:00:00,124.52057023975108
2016-01-16 23:00:00,60.51158571379975
2016-01-17 00:00:00,60.50950466280726
2016-01-17 01:00:00,60.507423611814765
2016-01-17 02:00:00,60.505342560822264
2016-01-17 03:00:00,60.50326150982977
2016-01-17 04:00:00,60.501180458837275
2016-01-17 05:00:00,60.49909940784479
2016-01-17 06:00:00,170.156544967879
2016-01-17 07:00:00,170.14613971291652
2016-01-17 08:00:00,170.13573445795407
2016-01-17 09:00:00,170.12532920299157
2016-01-17 10:00:00,142.7083664992424
2016-01-17 11:00:00,142.70004229527245
2016-01-17 12:00:00,142.69171809130245
2016-01-17 13:00:00,142.68339388733247
2016-01-17 14:00:00,142.6750696833625
2016-01-17 15:00:00,142.6667454793925
2016-01-17 16:00:00,142.65842127542254
2016-01-17 17:00:00,197.43407725513106
2016-01-17 18:00:00,197.42159094917605
2016-01-17 19:00:00,197.4091046432211
2016-01-17 20:00:00,197.39661833726612
2016-01-17 21:00:00,124.36102299699313
2016-01-17 22:00:00,124.35408616035149
2016-01-17 23:00:00,60.46164048997987
2016-01-18 00:00:00,60.459559438987384
2016-01-18 01:00:00,60.45747838799488
2016-01-18 02:00:00,60.45539733700239
2016-01-18 03:00:00,60.453316286009894
2016-01-18 04:00:00,60.45123523501741
2016-01-18 05:00:00,60.449154184024906
2016-01-18 06:00:00,169.9068188487796
2016-01-18 07:00:00,169.89641359381713
2016-01-18 08:00:00,169.88600833885468
2016-01-18 09:00:00,169.8756030838922
2016-01-18 10:00:00,142.5085856039629
2016-01-18 11:00:00,142.5002613999929
2016-01-18 12:00:00,142.49193719602292
2016-01-18 13:00:00,142.48361299205297
2016-01-18 14:00:00,142.475288788083
2016-01-18 15:00:00,142.466964584113
2016-01-18 16:00:00,142.458640380143
2016-01-18 17:00:00,197.13440591221178
2016-01-18 18:00:00,197.1219196062568
2016-01-18 19:00:00,197.10943330030184
2016-01-18 20:00:00,197.09694699434687
2016-01-18 21:00:00,124.19453891759355
2016-01-18 22:00:00,124.18760208095189
2016-01-18 23:00:00,60.411695266159995
2016-01-19 00:00:00,60.4096142151675
2016-01-19 01:00:00,60.40753316417501
2016-01-19 02:00:00,60.40545211318251
2016-01-19 03:00:00,60.40337106219002
2016-01-19 04:00:00,60.40129001119752
2016-01-19 05:00:00,60.39920896020503
2016-01-19 06:00:00,169.65709272968024
2016-01-19 07:00:00,169.64668747471777
2016-01-19 08:00:00,169.6362822197553
2016-01-19 09:00:00,169.6258769647928
2016-01-19 10:00:00,142.30880470868337
2016-01-19 11:00:00,142.3004805047134
2016-01-19 12:00:00,142.29215630074344
2016-01-19 13:00:00,142.28383209677344
2016-01-19 14:00:00,142.27550789280346
2016-01-19 15:00:00,142.26718368883348
2016-01-19 16:00:00,142.2588594848635
2016-01-19 17:00:00,196.8347345692925
2016-01-19 18:00:00,196.8222482633375
2016-01-19 19:00:00,196.80976195738256
2016-01-19 20:00:00,196.79727565142758
2016-01-19 21:00:00,124.02805483819395
2016-01-19 22:00:00,124.0211180015523
2016-01-19 23:00:00,60.36175004234011
2016-01-20 00:00:00,60.359668991347625
2016-01-20 01:00:00,60.35758794035513
2016-01-20 02:00:00,60.35550688936263
2016-01-20 03:00:00,60.353425838370136
2016-01-20 04:00:00,60.35134478737765
2016-01-20 05:00:00,60.349263736385154
2016-01-20 06:00:00,169.40736661058085
2016-01-20 07:00:00,169.39696135561837
2016-01-20 08:00:00,169.3865561006559
2016-01-20 09:00:00,169.37615084569345
2016-01-20 10:00:00,142.10902381340387
2016-01-20 11:00:00,142.1006996094339
2016-01-20 12:00:00,142.09237540546388
2016-01-20 13:00:00,142.08405120149393
2016-01-20 14:00:00,142.07572699752396
2016-01-20 15:00:00,142.06740279355398
2016-01-20 16:00:00,142.059078589584
2016-01-20 17:00:00,196.5350632263732
2016-01-20 18:00:00,196.5225769204183
2016-01-20 19:00:00,196.5100906144633
2016-01-20 20:00:00,196.4976043085083
2016-01-20 21:00:00,123.86157075879436
2016-01-20 22:00:00,123.8546339221527
2016-01-20 23:00:00,60.311804818520244
2016-01-21 00:00:00,60.30972376752774
2016-01-21 01:00:00,60.30764271653525
2016-01-21 02:00:00,60.305561665542754
2016-01-21 03:00:00,60.30348061455027
2016-01-21 04:00:00,60.301399563557766
2016-01-21 05:00:00,60.29931851256527
2016-01-21 06:00:00,169.15764049148146
2016-01-21 07:00:00,169.147235236519
2016-01-21 08:00:00,169.13682998155653
2016-01-21 09:00:00,169.12642472659402
2016-01-21 10:00:00,141.90924291812436
2016-01-21 11:00:00,141.9009187141544
2016-01-21 12:00:00,141.89259451018444
2016-01-21 13:00:00,141.88427030621443
2016-01-21 14:00:00,141.87594610224443
2016-01-21 15:00:00,141.86762189827448
2016-01-21 16:00:00,141.8592976943045
2016-01-21 17:00:00,196.23539188345399
2016-01-21 18:00:00,196.222905577499
2016-01-21 19:00:00,196.21041927154403
2016-01-21 20:00:00,196.19793296558908
2016-01-21 21:00:00,123.69508667939476
2016-01-21 22:00:00,123.68814984275313
2016-01-21 23:00:00,60.26185959470037
2016-01-22 00:00:00,60.25977854370787
2016-01-22 01:00:00,60.25769749271538
2016-01-22 02:00:00,60.25561644172288
2016-01-22 03:00:00,60.25353539073039
2016-01-22 04:00:00,60.2514543397379
2016-01-22 05:00:00,60.249373288745396
2016-01-22 06:00:00,168.9079143723821
2016-01-22 07:00:00,168.8975091174196
2016-01-22 08:00:00,168.88710386245714
2016-01-22 09:00:00,168.87669860749466
2016-01-22 10:00:00,141.70946202284486
2016-01-22 11:00:00,141.70113781887488
2016-01-22 12:00:00,141.6928136149049
2016-01-22 13:00:00,141.68448941093493
2016-01-22 14:00:00,141.67616520696495
2016-01-22 15:00:00,141.66784100299498
2016-01-22 16:00:00,141.65951679902497
2016-01-22 17:00:00,195.93572054053473
2016-01-22 18:00:00,195.92323423457972
2016-01-22 19:00:00,195.9107479286248
2016-01-22 20:00:00,195.8982616226698
2016-01-22 21:00:00,123.52860259999517
2016-01-22 22:00:00,123.52166576335354
2016-01-22 23:00:00,60.21191437088049
2016-01-23 00:00:00,60.20983331988799
2016-01-23 01:00:00,60.2077522688955
2016-01-23 02:00:00,60.205671217903
2016-01-23 03:00:00,60.203590166910516
2016-01-23 04:00:00,60.201509115918014
2016-01-23 05:00:00,60.19942806492552
2016-01-23 06:00:00,168.65818825328273
2016-01-23 07:00:00,168.64778299832022
2016-01-23 08:00:00,168.63737774335775
2016-01-23 09:00:00,168.62697248839527
2016-01-23 10:00:00,141.50968112756533
2016-01-23 11:00:00,141.50135692359538
2016-01-23 12:00:00,141.4930327196254
2016-01-23 13:00:00,141.48470851565543
2016-01-23 14:00:00,141.47638431168545
2016-01-23 15:00:00,141.46806010771544
2016-01-23 16:00:00,141.45973590374547
2016-01-23 17:00:00,195.63604919761545
2016-01-23 18:00:00,195.62356289166047
2016-01-23 19:00:00,195.6110765857055
2016-01-23 20:00:00,195.59859027975054
2016-01-23 21:00:00,123.36211852059557
2016-01-23 22:00:00,123.35518168395394
2016-01-23 23:00:00,60.16196914706061
2016-01-24 00:00:00,60.159888096068116
2016-01-24 01:00:00,60.15780704507563
2016-01-24 02:00:00,60.15572599408313
2016-01-24 03:00:00,60.15364494309063
2016-01-24 04:00:00,60.15156389209814
2016-01-24 05:00:00,60.14948284110564
2016-01-24 06:00:00,168.4084621341833
2016-01-24 07:00:00,168.39805687922083
2016-01-24 08:00:00,168.38765162425835
2016-01-24 09:00:00,168.3772463692959
2016-01-24 10:00:00,141.30990023228583
2016-01-24 11:00:00,141.30157602831588
2016-01-24 12:00:00,141.29325182434587
2016-01-24 13:00:00,141.28492762037587
2016-01-24 14:00:00,141.27660341640595
2016-01-24 15:00:00,141.26827921243594
2016-01-24 16:00:00,141.25995500846597
2016-01-24 17:00:00,195.3363778546962
2016-01-24 18:00:00,195.3238915487412
2016-01-24 19:00:00,195.31140524278626
2016-01-24 20:00:00,195.29891893683126
2016-01-24 21:00:00,123.19563444119599
2016-01-24 22:00:00,123.18869760455435
2016-01-24 23:00:00,60.112023923240734
2016-01-25 00:00:00,60.10994287224824
2016-01-25 01:00:00,60.107861821255746
2016-01-25 02:00:00,60.105780770263245
2016-01-25 03:00:00,60.10369971927076
2016-01-25 04:00:00,60.10161866827826
2016-01-25 05:00:00,60.09953761728576
2016-01-25 06:00:00,168.1587360150839
2016-01-25 07:00:00,168.14833076012144
2016-01-25 08:00:00,168.137925505159
2016-01-25 09:00:00,168.1275202501965
2016-01-25 10:00:00,141.11011933700635
2016-01-25 11:00:00,141.10179513303638
2016-01-25 12:00:00,141.09347092906637
2016-01-25 13:00:00,141.08514672509642
2016-01-25 14:00:00,141.07682252112642
2016-01-25 15:00:00,141.0684983171564
2016-01-25 16:00:00,141.06017411318646
2016-01-25 17:00:00,195.0367065117769
2016-01-25 18:00:00,195.02422020582196
2016-01-25 19:00:00,195.01173389986698
2016-01-25 20:00:00,194.99924759391203
2016-01-25 21:00:00,123.02915036179641
2016-01-25 22:00:00,123.02221352515475
2016-01-25 23:00:00,60.06207869942085
2016-01-26 00:00:00,60.059997648428364
2016-01-26 01:00:00,60.05791659743588
2016-01-26 02:00:00,60.055835546443376
2016-01-26 03:00:00,60.053754495450875
2016-01-26 04:00:00,60.05167344445839
2016-01-26 05:00:00,60.04959239346589
2016-01-26 06:00:00,167.90900989598452
2016-01-26 07:00:00,167.89860464102208
2016-01-26 08:00:00,167.88819938605963
2016-01-26 09:00:00,167.87779413109712
2016-01-26 10:00:00,140.91033844172685
2016-01-26 11:00:00,140.90201423775687
2016-01-26 12:00:00,140.89369003378687
2016-01-26 13:00:00,140.8853658298169
2016-01-26 14:00:00,140.8770416258469
2016-01-26 15:00:00,140.86871742187694
2016-01-26 16:00:00,140.86039321790696
2016-01-26 17:00:00,194.7370351688577
2016-01-26 18:00:00,194.72454886290268
2016-01-26 19:00:00,194.71206255694773
2016-01-26 20:00:00,194.69957625099278
2016-01-26 21:00:00,122.86266628239682
2016-01-26 22:00:00,122.85572944575517
2016-01-26 23:00:00,60.012133475600976
2016-01-27 00:00:00,60.01005242460849
2016-01-27 01:00:00,60.007971373615995
2016-01-27 02:00:00,60.0058903226235
2016-01-27 03:00:00,60.003809271631
2016-01-27 04:00:00,60.001728220638505
2016-01-27 05:00:00,59.99964716964601
2016-01-27 06:00:00,167.65928377688516
2016-01-27 07:00:00,167.64887852192265
2016-01-27 08:00:00,167.6384732669602
2016-01-27 09:00:00,167.62806801199773
2016-01-27 10:00:00,140.71055754644732
2016-01-27 11:00:00,140.7022333424773
2016-01-27 12:00:00,140.69390913850737
2016-01-27 13:00:00,140.6855849345374
2016-01-27 14:00:00,140.6772607305674
2016-01-27 15:00:00,140.6689365265974
2016-01-27 16:00:00,140.66061232262746
2016-01-27 17:00:00,194.4373638259384
2016-01-27 18:00:00,194.42487751998343
2016-01-27 19:00:00,194.41239121402845
2016-01-27 20:00:00,194.3999049080735
2016-01-27 21:00:00,122.69618220299722
2016-01-27 22:00:00,122.68924536635556
2016-01-27 23:00:00,59.9621882517811
2016-01-28 00:00:00,59.960107200788606
2016-01-28 01:00:00,59.95802614979612
2016-01-28 02:00:00,59.955945098803625
2016-01-28 03:00:00,59.95386404781112
2016-01-28 04:00:00,59.95178299681863
2016-01-28 05:00:00,59.949701945826135
2016-01-28 06:00:00,167.4095576577858
2016-01-28 07:00:00,167.39915240282326
2016-01-28 08:00:00,167.3887471478608
2016-01-28 09:00:00,167.37834189289833
2016-01-28 10:00:00,140.51077665116782
2016-01-28 11:00:00,140.50245244719784
2016-01-28 12:00:00,140.49412824322786
2016-01-28 13:00:00,140.48580403925786
2016-01-28 14:00:00,140.47747983528788
2016-01-28 15:00:00,140.4691556313179
2016-01-28 16:00:00,140.46083142734793
2016-01-28 17:00:00,194.13769248301915
2016-01-28 18:00:00,194.12520617706414
2016-01-28 19:00:00,194.11271987110922
2016-01-28 20:00:00,194.10023356515424
2016-01-28 21:00:00,122.52969812359763
2016-01-28 22:00:00,122.52276128695598
2016-01-28 23:00:00,59.912243027961225
2016-01-29 00:00:00,59.91016197696873
2016-01-29 01:00:00,59.908080925976236
2016-01-29 02:00:00,59.90599987498374
2016-01-29 03:00:00,59.90391882399125
2016-01-29 04:00:00,59.90183777299876
2016-01-29 05:00:00,59.89975672200626
2016-01-29 06:00:00,167.15983153868638
2016-01-29 07:00:00,167.14942628372387
2016-01-29 08:00:00,167.13902102876142
2016-01-29 09:00:00,167.12861577379897
2016-01-29 10:00:00,140.3109957558883
2016-01-29 11:00:00,140.3026715519183
2016-01-29 12:00:00,140.29434734794836
2016-01-29 13:00:00,140.28602314397835
2016-01-29 14:00:00,140.27769894000838
2016-01-29 15:00:00,140.2693747360384
2016-01-29 16:00:00,140.26105053206845
2016-01-29 17:00:00,193.83802114009987
2016-01-29 18:00:00,193.82553483414492
2016-01-29 19:00:00,193.81304852818994
2016-01-29 20:00:00,193.800562222235
2016-01-29 21:00:00,122.36321404419806
2016-01-29 22:00:00,122.3562772075564
2016-01-29 23:00:00,59.86229780414135
2016-01-30 00:00:00,59.86021675314886
2016-01-30 01:00:00,59.85813570215636
2016-01-30 02:00:00,59.85605465116386
2016-01-30 03:00:00,59.85397360017137
2016-01-30 04:00:00,59.85189254917888
2016-01-30 05:00:00,59.84981149818638
2016-01-30 06:00:00,166.910105419587
2016-01-30 07:00:00,166.8997001646245
2016-01-30 08:00:00,166.88929490966206
2016-01-30 09:00:00,166.8788896546996
2016-01-30 10:00:00,140.1112148606088
2016-01-30 11:00:00,140.10289065663883
2016-01-30 12:00:00,140.09456645266886
2016-01-30 13:00:00,140.08624224869885
2016-01-30 14:00:00,140.07791804472888
2016-01-30 15:00:00,140.0695938407589
2016-01-30 16:00:00,140.06126963678895
2016-01-30 17:00:00,193.53834979718064
2016-01-30 18:00:00,193.52586349122564
2016-01-30 19:00:00,193.51337718527068
2016-01-30 20:00:00,193.5008908793157
2016-01-30 21:00:00,122.19672996479846
2016-01-30 22:00:00,122.18979312815681
2016-01-30 23:00:00,59.81235258032147
2016-01-31 00:00:00,59.810271529328986
2016-01-31 01:00:00,59.808190478336485
2016-01-31 02:00:00,59.80610942734398
2016-01-31 03:00:00,59.804028376351496
2016-01-31 04:00:00,59.801947325358995
2016-01-31 05:00:00,59.7998662743665
2016-01-31 06:00:00,166.6603793004876
2016-01-31 07:00:00,166.64997404552514
2016-01-31 08:00:00,166.63956879056263
2016-01-31 09:00:00,166.62916353560018
2016-01-31 10:00:00,139.9114339653293
2016-01-31 11:00:00,139.9031097613593
2016-01-31 12:00:00,139.89478555738933
2016-01-31 13:00:00,139.88646135341935
2016-01-31 14:00:00,139.87813714944937
2016-01-31 15:00:00,139.8698129454794
2016-01-31 16:00:00,139.86148874150942
2016-01-31 17:00:00,193.23867845426136
2016-01-31 18:00:00,193.22619214830638
2016-01-31 19:00:00,193.21370584235143
2016-01-31 20:00:00,193.20121953639645
2016-01-31 21:00:00,122.03024588539887
2016-01-31 22:00:00,122.02330904875723
2016-01-31 23:00:00,59.7624073565016
2016-02-01 00:00:00,59.7603263055091
2016-02-01 01:00:00,59.76675428230339
2016-02-01 02:00:00,59.77318225909767
2016-02-01 03:00:00,59.77961023589196
2016-02-01 04:00:00,59.78603821268624
2016-02-01 05:00:00,59.79246618948053
2016-02-01 06:00:00,166.66592401499165
2016-02-01 07:00:00,166.69806389896308
2016-02-01 08:00:00,166.7302037829345
2016-02-01 09:00:00,166.76234366690596
2016-02-01 10:00:00,140.052014181521
2016-02-01 11:00:00,140.07772608869817
2016-02-01 12:00:00,140.1034379958753
2016-02-01 13:00:00,140.12914990305245
2016-02-01 14:00:00,140.1548618102296
2016-02-01 15:00:00,140.18057371740673
2016-02-01 16:00:00,140.20628562458387
2016-02-01 17:00:00,193.80692794559374
2016-02-01 18:00:00,193.84549580635942
2016-02-01 19:00:00,193.88406366712513
2016-02-01 20:00:00,193.9226315278909
2016-02-01 21:00:00,122.45939375107393
2016-02-01 22:00:00,122.48082034038822
2016-02-01 23:00:00,59.90816977177767
2016-02-02 00:00:00,59.914597748571964
2016-02-02 01:00:00,59.92102572536625
2016-02-02 02:00:00,59.927453702160534
2016-02-02 03:00:00,59.93388167895482
2016-02-02 04:00:00,59.940309655749104
2016-02-02 05:00:00,59.94673763254339
2016-02-02 06:00:00,167.43728123030598
2016-02-02 07:00:00,167.4694211142774
2016-02-02 08:00:00,167.5015609982488
2016-02-02 09:00:00,167.53370088222024
2016-02-02 10:00:00,140.66909995377247
2016-02-02 11:00:00,140.6948118609496
2016-02-02 12:00:00,140.72052376812672
2016-02-02 13:00:00,140.7462356753039
2016-02-02 14:00:00,140.77194758248106
2016-02-02 15:00:00,140.79765948965817
2016-02-02 16:00:00,140.82337139683534
2016-02-02 17:00:00,194.73255660397092
2016-02-02 18:00:00,194.7711244647366
2016-02-02 19:00:00,194.8096923255023
2016-02-02 20:00:00,194.84826018626805
2016-02-02 21:00:00,122.97363189461682
2016-02-02 22:00:00,122.99505848393109
2016-02-02 23:00:00,60.06244121484054
2016-02-03 00:00:00,60.06886919163482
2016-02-03 01:00:00,60.07529716842912
2016-02-03 02:00:00,60.0817251452234
2016-02-03 03:00:00,60.08815312201769
2016-02-03 04:00:00,60.09458109881197
2016-02-03 05:00:00,60.10100907560626
2016-02-03 06:00:00,168.2086384456203
2016-02-03 07:00:00,168.2407783295917
2016-02-03 08:00:00,168.27291821356314
2016-02-03 09:00:00,168.30505809753458
2016-02-03 10:00:00,141.28618572602392
2016-02-03 11:00:00,141.31189763320106
2016-02-03 12:00:00,141.3376095403782
2016-02-03 13:00:00,141.36332144755534
2016-02-03 14:00:00,141.38903335473248
2016-02-03 15:00:00,141.41474526190962
2016-02-03 16:00:00,141.44045716908676
2016-02-03 17:00:00,195.65818526234807
2016-02-03 18:00:00,195.69675312311378
2016-02-03 19:00:00,195.73532098387952
2016-02-03 20:00:00,195.77388884464523
2016-02-03 21:00:00,123.48787003815968
2016-02-03 22:00:00,123.50929662747396
2016-02-03 23:00:00,60.2167126579034
2016-02-04 00:00:00,60.22314063469769
2016-02-04 01:00:00,60.22956861149197
2016-02-04 02:00:00,60.23599658828626
2016-02-04 03:00:00,60.24242456508055
2016-02-04 04:00:00,60.24885254187483
2016-02-04 05:00:00,60.25528051866912
2016-02-04 06:00:00,168.9799956609346
2016-02-04 07:00:00,169.01213554490604
2016-02-04 08:00:00,169.04427542887743
2016-02-04 09:00:00,169.07641531284887
2016-02-04 10:00:00,141.90327149827536
2016-02-04 11:00:00,141.9289834054525
2016-02-04 12:00:00,141.9546953126296
2016-02-04 13:00:00,141.98040721980678
2016-02-04 14:00:00,142.00611912698392
2016-02-04 15:00:00,142.0318310341611
2016-02-04 16:00:00,142.05754294133823
2016-02-04 17:00:00,196.58381392072525
2016-02-04 18:00:00,196.62238178149096
2016-02-04 19:00:00,196.6609496422567
2016-02-04 20:00:00,196.6995175030224
2016-02-04 21:00:00,124.00210818170257
2016-02-04 22:00:00,124.02353477101686
2016-02-04 23:00:00,60.37098410096627
2016-02-05 00:00:00,60.37741207776055
2016-02-05 01:00:00,60.38384005455484
2016-02-05 02:00:00,60.39026803134912
2016-02-05 03:00:00,60.39669600814341
2016-02-05 04:00:00,60.40312398493769
2016-02-05 05:00:00,60.40955196173198
2016-02-05 06:00:00,169.75135287624892
2016-02-05 07:00:00,169.78349276022033
2016-02-05 08:00:00,169.81563264419177
2016-02-05 09:00:00,169.8477725281632
2016-02-05 10:00:00,142.5203572705268
2016-02-05 11:00:00,142.54606917770397
2016-02-05 12:00:00,142.5717810848811
2016-02-05 13:00:00,142.59749299205822
2016-02-05 14:00:00,142.6232048992354
2016-02-05 15:00:00,142.64891680641253
2016-02-05 16:00:00,142.6746287135897
2016-02-05 17:00:00,197.50944257910243
2016-02-05 18:00:00,197.5480104398681
2016-02-05 19:00:00,197.58657830063387
2016-02-05 20:00:00,197.62514616139956
2016-02-05 21:00:00,124.51634632524544
2016-02-05 22:00:00,124.53777291455971
2016-02-05 23:00:00,60.52525554402912
2016-02-06 00:00:00,60.531683520823414
2016-02-06 01:00:00,60.5381114976177
2016-02-06 02:00:00,60.54453947441199
2016-02-06 03:00:00,60.55096745120627
2016-02-06 04:00:00,60.557395428000554
2016-02-06 05:00:00,60.563823404794846
2016-02-06 06:00:00,170.52271009156323
2016-02-06 07:00:00,170.55484997553464
2016-02-06 08:00:00,170.58698985950605
2016-02-06 09:00:00,170.6191297434775
2016-02-06 10:00:00,143.13744304277827
2016-02-06 11:00:00,143.1631549499554
2016-02-06 12:00:00,143.18886685713255
2016-02-06 13:00:00,143.2145787643097
2016-02-06 14:00:00,143.24029067148683
2016-02-06 15:00:00,143.26600257866397
2016-02-06 16:00:00,143.2917144858411
2016-02-06 17:00:00,198.4350712374796
2016-02-06 18:00:00,198.47363909824531
2016-02-06 19:00:00,198.51220695901105
2016-02-06 20:00:00,198.55077481977676
2016-02-06 21:00:00,125.0305844687883
2016-02-06 22:00:00,125.0520110581026
2016-02-06 23:00:00,60.67952698709198
2016-02-07 00:00:00,60.685954963886275
2016-02-07 01:00:00,60.69238294068057
2016-02-07 02:00:00,60.69881091747485
2016-02-07 03:00:00,60.70523889426913
2016-02-07 04:00:00,60.71166687106342
2016-02-07 05:00:00,60.7180948478577
2016-02-07 06:00:00,171.29406730687754
2016-02-07 07:00:00,171.32620719084895
2016-02-07 08:00:00,171.3583470748204
2016-02-07 09:00:00,171.3904869587918
2016-02-07 10:00:00,143.75452881502972
2016-02-07 11:00:00,143.78024072220686
2016-02-07 12:00:00,143.80595262938402
2016-02-07 13:00:00,143.83166453656114
2016-02-07 14:00:00,143.8573764437383
2016-02-07 15:00:00,143.88308835091544
2016-02-07 16:00:00,143.90880025809258
2016-02-07 17:00:00,199.36069989585675
2016-02-07 18:00:00,199.39926775662252
2016-02-07 19:00:00,199.4378356173882
2016-02-07 20:00:00,199.4764034781539
2016-02-07 21:00:00,125.5448226123312
2016-02-07 22:00:00,125.56624920164546
2016-02-07 23:00:00,60.83379843015486
2016-02-08 00:00:00,60.840226406949135
2016-02-08 01:00:00,60.84665438374343
2016-02-08 02:00:00,60.85308236053771
2016-02-08 03:00:00,60.859510337332
2016-02-08 04:00:00,60.86593831412628
2016-02-08 05:00:00,60.87236629092057
2016-02-08 06:00:00,172.06542452219185
2016-02-08 07:00:00,172.09756440616326
2016-02-08 08:00:00,172.1297042901347
2016-02-08 09:00:00,172.16184417410614
2016-02-08 10:00:00,144.37161458728116
2016-02-08 11:00:00,144.39732649445833
2016-02-08 12:00:00,144.42303840163544
2016-02-08 13:00:00,144.44875030881258
2016-02-08 14:00:00,144.47446221598975
2016-02-08 15:00:00,144.5001741231669
2016-02-08 16:00:00,144.52588603034403
2016-02-08 17:00:00,200.28632855423393
2016-02-08 18:00:00,200.32489641499967
2016-02-08 19:00:00,200.36346427576538
2016-02-08 20:00:00,200.40203213653112
2016-02-08 21:00:00,126.05906075587406
2016-02-08 22:00:00,126.08048734518835
2016-02-08 23:00:00,60.98806987321771
2016-02-09 00:00:00,60.994497850012
2016-02-09 01:00:00,61.00092582680628
2016-02-09 02:00:00,61.00735380360057
2016-02-09 03:00:00,61.01378178039486
2016-02-09 04:00:00,61.02020975718914
2016-02-09 05:00:00,61.02663773398343
2016-02-09 06:00:00,172.83678173750616
2016-02-09 07:00:00,172.8689216214776
2016-02-09 08:00:00,172.90106150544898
2016-02-09 09:00:00,172.93320138942045
2016-02-09 10:00:00,144.98870035953263
2016-02-09 11:00:00,145.01441226670977
2016-02-09 12:00:00,145.0401241738869
2016-02-09 13:00:00,145.06583608106405
2016-02-09 14:00:00,145.0915479882412
2016-02-09 15:00:00,145.11725989541833
2016-02-09 16:00:00,145.14297180259547
2016-02-09 17:00:00,201.2119572126111
2016-02-09 18:00:00,201.25052507337685
2016-02-09 19:00:00,201.28909293414253
2016-02-09 20:00:00,201.3276607949083
2016-02-09 21:00:00,126.57329889941694
2016-02-09 22:00:00,126.59472548873121
2016-02-09 23:00:00,61.14234131628058
2016-02-10 00:00:00,61.148769293074864
2016-02-10 01:00:00,61.155197269869156
2016-02-10 02:00:00,61.161625246663434
2016-02-10 03:00:00,61.16805322345772
2016-02-10 04:00:00,61.17448120025201
2016-02-10 05:00:00,61.180909177046296
2016-02-10 06:00:00,173.60813895282047
2016-02-10 07:00:00,173.64027883679188
2016-02-10 08:00:00,173.67241872076332
2016-02-10 09:00:00,173.70455860473476
2016-02-10 10:00:00,145.60578613178407
2016-02-10 11:00:00,145.6314980389612
2016-02-10 12:00:00,145.65720994613835
2016-02-10 13:00:00,145.68292185331546
2016-02-10 14:00:00,145.70863376049263
2016-02-10 15:00:00,145.73434566766977
2016-02-10 16:00:00,145.76005757484694
2016-02-10 17:00:00,202.1375858709883
2016-02-10 18:00:00,202.17615373175403
2016-02-10 19:00:00,202.21472159251974
2016-02-10 20:00:00,202.25328945328548
2016-02-10 21:00:00,127.08753704295981
2016-02-10 22:00:00,127.10896363227408
2016-02-10 23:00:00,61.29661275934344
2016-02-11 00:00:00,61.30304073613773
2016-02-11 01:00:00,61.309468712932016
2016-02-11 02:00:00,61.3158966897263
2016-02-11 03:00:00,61.322324666520586
2016-02-11 04:00:00,61.32875264331487
2016-02-11 05:00:00,61.335180620109156
2016-02-11 06:00:00,174.37949616813478
2016-02-11 07:00:00,174.41163605210622
2016-02-11 08:00:00,174.44377593607763
2016-02-11 09:00:00,174.47591582004907
2016-02-11 10:00:00,146.22287190403551
2016-02-11 11:00:00,146.24858381121265
2016-02-11 12:00:00,146.2742957183898
2016-02-11 13:00:00,146.30000762556693
2016-02-11 14:00:00,146.32571953274407
2016-02-11 15:00:00,146.35143143992124
2016-02-11 16:00:00,146.37714334709835
2016-02-11 17:00:00,203.0632145293655
2016-02-11 18:00:00,203.10178239013118
2016-02-11 19:00:00,203.1403502508969
2016-02-11 20:00:00,203.17891811166265
2016-02-11 21:00:00,127.60177518650269
2016-02-11 22:00:00,127.62320177581698
2016-02-11 23:00:00,61.4508842024063
2016-02-12 00:00:00,61.457312179200585
2016-02-12 01:00:00,61.46374015599488
2016-02-12 02:00:00,61.47016813278916
2016-02-12 03:00:00,61.47659610958344
2016-02-12 04:00:00,61.48302408637773
2016-02-12 05:00:00,61.48945206317202
2016-02-12 06:00:00,175.1508533834491
2016-02-12 07:00:00,175.18299326742056
2016-02-12 08:00:00,175.2151331513919
2016-02-12 09:00:00,175.24727303536338
2016-02-12 10:00:00,146.83995767628699
2016-02-12 11:00:00,146.86566958346407
2016-02-12 12:00:00,146.8913814906412
2016-02-12 13:00:00,146.9170933978184
2016-02-12 14:00:00,146.94280530499555
2016-02-12 15:00:00,146.96851721217269
2016-02-12 16:00:00,146.99422911934982
2016-02-12 17:00:00,203.98884318774265
2016-02-12 18:00:00,204.02741104850836
2016-02-12 19:00:00,204.0659789092741
2016-02-12 20:00:00,204.1045467700398
2016-02-12 21:00:00,128.11601333004555
2016-02-12 22:00:00,128.13743991935985
2016-02-12 23:00:00,61.60515564546917
2016-02-13 00:00:00,61.611583622263446
2016-02-13 01:00:00,61.61801159905774
2016-02-13 02:00:00,61.62443957585202
2016-02-13 03:00:00,61.63086755264631
2016-02-13 04:00:00,61.63729552944059
2016-02-13 05:00:00,61.643723506234885
2016-02-13 06:00:00,175.9222105987634
2016-02-13 07:00:00,175.95435048273484
2016-02-13 08:00:00,175.98649036670628
2016-02-13 09:00:00,176.0186302506777
2016-02-13 10:00:00,147.4570434485384
2016-02-13 11:00:00,147.48275535571557
2016-02-13 12:00:00,147.50846726289268
2016-02-13 13:00:00,147.53417917006982
2016-02-13 14:00:00,147.559891077247
2016-02-13 15:00:00,147.58560298442416
2016-02-13 16:00:00,147.6113148916013
2016-02-13 17:00:00,204.91447184611985
2016-02-13 18:00:00,204.95303970688553
2016-02-13 19:00:00,204.9916075676513
2016-02-13 20:00:00,205.03017542841698
2016-02-13 21:00:00,128.63025147358843
2016-02-13 22:00:00,128.6516780629027
2016-02-13 23:00:00,61.75942708853202
2016-02-14 00:00:00,61.76585506532632
2016-02-14 01:00:00,61.77228304212059
2016-02-14 02:00:00,61.77871101891489
2016-02-14 03:00:00,61.785138995709175
2016-02-14 04:00:00,61.79156697250346
2016-02-14 05:00:00,61.797994949297745
2016-02-14 06:00:00,176.6935678140777
2016-02-14 07:00:00,176.72570769804918
2016-02-14 08:00:00,176.75784758202056
2016-02-14 09:00:00,176.789987465992
2016-02-14 10:00:00,148.07412922078987
2016-02-14 11:00:00,148.099841127967
2016-02-14 12:00:00,148.12555303514415
2016-02-14 13:00:00,148.1512649423213
2016-02-14 14:00:00,148.17697684949843
2016-02-14 15:00:00,148.20268875667557
2016-02-14 16:00:00,148.22840066385274
2016-02-14 17:00:00,205.840100504497
2016-02-14 18:00:00,205.8786683652627
2016-02-14 19:00:00,205.91723622602845
2016-02-14 20:00:00,205.95580408679416
2016-02-14 21:00:00,129.1444896171313
2016-02-14 22:00:00,129.1659162064456
2016-02-14 23:00:00,61.91369853159489
2016-02-15 00:00:00,61.920126508389174
2016-02-15 01:00:00,61.92655448518346
2016-02-15 02:00:00,61.932982461977744
2016-02-15 03:00:00,61.939410438772036
2016-02-15 04:00:00,61.94583841556632
2016-02-15 05:00:00,61.952266392360606
2016-02-15 06:00:00,177.46492502939202
2016-02-15 07:00:00,177.49706491336346
2016-02-15 08:00:00,177.5292047973349
2016-02-15 09:00:00,177.5613446813063
2016-02-15 10:00:00,148.6912149930413
2016-02-15 11:00:00,148.71692690021845
2016-02-15 12:00:00,148.7426388073956
2016-02-15 13:00:00,148.76835071457276
2016-02-15 14:00:00,148.7940626217499
2016-02-15 15:00:00,148.81977452892704
2016-02-15 16:00:00,148.84548643610418
2016-02-15 17:00:00,206.76572916287418
2016-02-15 18:00:00,206.80429702363992
2016-02-15 19:00:00,206.84286488440563
2016-02-15 20:00:00,206.88143274517134
2016-02-15 21:00:00,129.6587277606742
2016-02-15 22:00:00,129.68015434998847
2016-02-15 23:00:00,62.06796997465776
2016-02-16 00:00:00,62.07439795145204
2016-02-16 01:00:00,62.08082592824633
2016-02-16 02:00:00,62.08725390504061
2016-02-16 03:00:00,62.0936818818349
2016-02-16 04:00:00,62.10010985862918
2016-02-16 05:00:00,62.106537835423474
2016-02-16 06:00:00,178.23628224470633
2016-02-16 07:00:00,178.26842212867777
2016-02-16 08:00:00,178.3005620126492
2016-02-16 09:00:00,178.33270189662065
2016-02-16 10:00:00,149.30830076529278
2016-02-16 11:00:00,149.33401267246992
2016-02-16 12:00:00,149.35972457964706
2016-02-16 13:00:00,149.38543648682418
2016-02-16 14:00:00,149.41114839400132
2016-02-16 15:00:00,149.43686030117848
2016-02-16 16:00:00,149.46257220835562
2016-02-16 17:00:00,207.6913578212514
2016-02-16 18:00:00,207.72992568201707
2016-02-16 19:00:00,207.7684935427828
2016-02-16 20:00:00,207.8070614035485
2016-02-16 21:00:00,130.17296590421705
2016-02-16 22:00:00,130.19439249353132
2016-02-16 23:00:00,62.22224141772061
2016-02-17 00:00:00,62.228669394514895
2016-02-17 01:00:00,62.23509737130919
2016-02-17 02:00:00,62.24152534810347
2016-02-17 03:00:00,62.247953324897765
2016-02-17 04:00:00,62.25438130169205
2016-02-17 05:00:00,62.26080927848633
2016-02-17 06:00:00,179.00763946002064
2016-02-17 07:00:00,179.03977934399208
2016-02-17 08:00:00,179.07191922796352
2016-02-17 09:00:00,179.10405911193493
2016-02-17 10:00:00,149.92538653754423
2016-02-17 11:00:00,149.95109844472137
2016-02-17 12:00:00,149.9768103518985
2016-02-17 13:00:00,150.00252225907565
2016-02-17 14:00:00,150.0282341662528
2016-02-17 15:00:00,150.05394607342993
2016-02-17 16:00:00,150.07965798060707
2016-02-17 17:00:00,208.61698647962854
2016-02-17 18:00:00,208.65555434039427
2016-02-17 19:00:00,208.69412220115998
2016-02-17 20:00:00,208.7326900619257
2016-02-17 21:00:00,130.68720404775993
2016-02-17 22:00:00,130.70863063707424
2016-02-17 23:00:00,62.37651286078348
2016-02-18 00:00:00,62.38294083757776
2016-02-18 01:00:00,62.389368814372055
2016-02-18 02:00:00,62.39579679116634
2016-02-18 03:00:00,62.40222476796062
2016-02-18 04:00:00,62.40865274475491
2016-02-18 05:00:00,62.415080721549195
2016-02-18 06:00:00,179.77899667533495
2016-02-18 07:00:00,179.81113655930642
2016-02-18 08:00:00,179.84327644327783
2016-02-18 09:00:00,179.87541632724927
2016-02-18 10:00:00,150.54247230979567
2016-02-18 11:00:00,150.56818421697278
2016-02-18 12:00:00,150.59389612414995
2016-02-18 13:00:00,150.61960803132712
2016-02-18 14:00:00,150.64531993850423
2016-02-18 15:00:00,150.6710318456814
2016-02-18 16:00:00,150.6967437528585
2016-02-18 17:00:00,209.5426151380057
2016-02-18 18:00:00,209.58118299877145
2016-02-18 19:00:00,209.61975085953713
2016-02-18 20:00:00,209.65831872030284
2016-02-18 21:00:00,131.20144219130282
2016-02-18 22:00:00,131.2228687806171
2016-02-18 23:00:00,62.53078430384634
2016-02-19 00:00:00,62.53721228064063
2016-02-19 01:00:00,62.54364025743491
2016-02-19 02:00:00,62.5500682342292
2016-02-19 03:00:00,62.556496211023486
2016-02-19 04:00:00,62.56292418781777
2016-02-19 05:00:00,62.569352164612056
2016-02-19 06:00:00,180.5503538906493
2016-02-19 07:00:00,180.58249377462073
2016-02-19 08:00:00,180.61463365859217
2016-02-19 09:00:00,180.64677354256355
2016-02-19 10:00:00,151.1595580820471
2016-02-19 11:00:00,151.18526998922425
2016-02-19 12:00:00,151.2109818964014
2016-02-19 13:00:00,151.23669380357856
2016-02-19 14:00:00,151.26240571075573
2016-02-19 15:00:00,151.28811761793287
2016-02-19 16:00:00,151.31382952511
2016-02-19 17:00:00,210.4682437963829
2016-02-19 18:00:00,210.50681165714863
2016-02-19 19:00:00,210.5453795179143
2016-02-19 20:00:00,210.58394737868005
2016-02-19 21:00:00,131.71568033484567
2016-02-19 22:00:00,131.73710692416
2016-02-19 23:00:00,62.6850557469092
2016-02-20 00:00:00,62.69148372370349
2016-02-20 01:00:00,62.69791170049778
2016-02-20 02:00:00,62.70433967729206
2016-02-20 03:00:00,62.71076765408635
2016-02-20 04:00:00,62.71719563088064
2016-02-20 05:00:00,62.72362360767492
2016-02-20 06:00:00,181.32171110596363
2016-02-20 07:00:00,181.353850989935
2016-02-20 08:00:00,181.38599087390645
2016-02-20 09:00:00,181.41813075787786
2016-02-20 10:00:00,151.77664385429858
2016-02-20 11:00:00,151.80235576147572
2016-02-20 12:00:00,151.82806766865286
2016-02-20 13:00:00,151.85377957583
2016-02-20 14:00:00,151.87949148300714
2016-02-20 15:00:00,151.90520339018428
2016-02-20 16:00:00,151.93091529736145
2016-02-20 17:00:00,211.39387245476004
2016-02-20 18:00:00,211.43244031552578
2016-02-20 19:00:00,211.47100817629152
2016-02-20 20:00:00,211.50957603705726
2016-02-20 21:00:00,132.22991847838858
2016-02-20 22:00:00,132.25134506770286
2016-02-20 23:00:00,62.83932718997207
2016-02-21 00:00:00,62.84575516676635
2016-02-21 01:00:00,62.85218314356064
2016-02-21 02:00:00,62.85861112035492
2016-02-21 03:00:00,62.86503909714921
2016-02-21 04:00:00,62.8714670739435
2016-02-21 05:00:00,62.877895050737784
2016-02-21 06:00:00,182.0930683212779
2016-02-21 07:00:00,182.12520820524932
2016-02-21 08:00:00,182.15734808922076
2016-02-21 09:00:00,182.1894879731922
2016-02-21 10:00:00,152.39372962655003
2016-02-21 11:00:00,152.41944153372717
2016-02-21 12:00:00,152.4451534409043
2016-02-21 13:00:00,152.47086534808145
2016-02-21 14:00:00,152.49657725525861
2016-02-21 15:00:00,152.52228916243573
2016-02-21 16:00:00,152.5480010696129
2016-02-21 17:00:00,212.31950111313725
2016-02-21 18:00:00,212.35806897390296
2016-02-21 19:00:00,212.39663683466867
2016-02-21 20:00:00,212.4352046954344
2016-02-21 21:00:00,132.74415662193144
2016-02-21 22:00:00,132.7655832112457
2016-02-21 23:00:00,62.993598633034935
2016-02-22 00:00:00,63.00002660982922
2016-02-22 01:00:00,63.006454586623505
2016-02-22 02:00:00,63.01288256341779
2016-02-22 03:00:00,63.019310540212075
2016-02-22 04:00:00,63.02573851700636
2016-02-22 05:00:00,63.032166493800645
2016-02-22 06:00:00,182.86442553659222
2016-02-22 07:00:00,182.89656542056366
2016-02-22 08:00:00,182.92870530453507
2016-02-22 09:00:00,182.9608451885065
2016-02-22 10:00:00,153.01081539880147
2016-02-22 11:00:00,153.0365273059786
2016-02-22 12:00:00,153.06223921315578
2016-02-22 13:00:00,153.08795112033292
2016-02-22 14:00:00,153.11366302751003
2016-02-22 15:00:00,153.13937493468723
2016-02-22 16:00:00,153.16508684186434
2016-02-22 17:00:00,213.24512977151443
2016-02-22 18:00:00,213.28369763228014
2016-02-22 19:00:00,213.32226549304582
2016-02-22 20:00:00,213.36083335381159
2016-02-22 21:00:00,133.25839476547435
2016-02-22 22:00:00,133.2798213547886
2016-02-22 23:00:00,63.14787007609779
2016-02-23 00:00:00,63.154298052892074
2016-02-23 01:00:00,63.160726029686366
2016-02-23 02:00:00,63.16715400648065
2016-02-23 03:00:00,63.17358198327493
2016-02-23 04:00:00,63.18000996006922
2016-02-23 05:00:00,63.186437936863506
2016-02-23 06:00:00,183.63578275190653
2016-02-23 07:00:00,183.66792263587797
2016-02-23 08:00:00,183.7000625198494
2016-02-23 09:00:00,183.73220240382082
2016-02-23 10:00:00,153.62790117105294
2016-02-23 11:00:00,153.65361307823008
2016-02-23 12:00:00,153.6793249854072
2016-02-23 13:00:00,153.70503689258436
2016-02-23 14:00:00,153.7307487997615
2016-02-23 15:00:00,153.75646070693864
2016-02-23 16:00:00,153.78217261411578
2016-02-23 17:00:00,214.1707584298916
2016-02-23 18:00:00,214.2093262906573
2016-02-23 19:00:00,214.24789415142303
2016-02-23 20:00:00,214.28646201218874
2016-02-23 21:00:00,133.7726329090172
2016-02-23 22:00:00,133.79405949833148
2016-02-23 23:00:00,63.30214151916066
2016-02-24 00:00:00,63.308569495954934
2016-02-24 01:00:00,63.314997472749226
2016-02-24 02:00:00,63.32142544954352
2016-02-24 03:00:00,63.3278534263378
2016-02-24 04:00:00,63.33428140313208
2016-02-24 05:00:00,63.34070937992637
2016-02-24 06:00:00,184.40713996722087
2016-02-24 07:00:00,184.43927985119228
2016-02-24 08:00:00,184.4714197351637
2016-02-24 09:00:00,184.50355961913513
2016-02-24 10:00:00,154.24498694330435
2016-02-24 11:00:00,154.27069885048152
2016-02-24 12:00:00,154.29641075765863
2016-02-24 13:00:00,154.3221226648358
2016-02-24 14:00:00,154.34783457201297
2016-02-24 15:00:00,154.3735464791901
2016-02-24 16:00:00,154.39925838636725
2016-02-24 17:00:00,215.09638708826878
2016-02-24 18:00:00,215.1349549490345
2016-02-24 19:00:00,215.17352280980023
2016-02-24 20:00:00,215.21209067056594
2016-02-24 21:00:00,134.28687105256006
2016-02-24 22:00:00,134.30829764187433
2016-02-24 23:00:00,63.45641296222351
2016-02-25 00:00:00,63.46284093901781
2016-02-25 01:00:00,63.46926891581209
2016-02-25 02:00:00,63.47569689260638
2016-02-25 03:00:00,63.482124869400664
2016-02-25 04:00:00,63.48855284619495
2016-02-25 05:00:00,63.494980822989234
2016-02-25 06:00:00,185.17849718253518
2016-02-25 07:00:00,185.21063706650662
2016-02-25 08:00:00,185.242776950478
2016-02-25 09:00:00,185.27491683444944
2016-02-25 10:00:00,154.86207271555583
2016-02-25 11:00:00,154.88778462273297
2016-02-25 12:00:00,154.9134965299101
2016-02-25 13:00:00,154.93920843708725
2016-02-25 14:00:00,154.96492034426439
2016-02-25 15:00:00,154.99063225144153
2016-02-25 16:00:00,155.01634415861872
2016-02-25 17:00:00,216.02201574664593
2016-02-25 18:00:00,216.06058360741164
2016-02-25 19:00:00,216.09915146817738
2016-02-25 20:00:00,216.1377193289431
2016-02-25 21:00:00,134.80110919610294
2016-02-25 22:00:00,134.82253578541724
2016-02-25 23:00:00,63.610684405286385
2016-02-26 00:00:00,63.61711238208066
2016-02-26 01:00:00,63.623540358874955
2016-02-26 02:00:00,63.62996833566924
2016-02-26 03:00:00,63.63639631246352
2016-02-26 04:00:00,63.64282428925781
2016-02-26 05:00:00,63.6492522660521
2016-02-26 06:00:00,185.9498543978495
2016-02-26 07:00:00,185.9819942818209
2016-02-26 08:00:00,186.01413416579234
2016-02-26 09:00:00,186.04627404976378
2016-02-26 10:00:00,155.47915848780727
2016-02-26 11:00:00,155.50487039498444
2016-02-26 12:00:00,155.53058230216158
2016-02-26 13:00:00,155.55629420933872
2016-02-26 14:00:00,155.58200611651586
2016-02-26 15:00:00,155.607718023693
2016-02-26 16:00:00,155.63342993087014
2016-02-26 17:00:00,216.9476444050231
2016-02-26 18:00:00,216.9862122657888
2016-02-26 19:00:00,217.02478012655456
2016-02-26 20:00:00,217.0633479873203
2016-02-26 21:00:00,135.31534733964583
2016-02-26 22:00:00,135.3367739289601
2016-02-26 23:00:00,63.764955848349246
2016-02-27 00:00:00,63.77138382514353
2016-02-27 01:00:00,63.777811801937816
2016-02-27 02:00:00,63.7842397787321
2016-02-27 03:00:00,63.790667755526385
2016-02-27 04:00:00,63.79709573232067
2016-02-27 05:00:00,63.803523709114955
2016-02-27 06:00:00,186.72121161316383
2016-02-27 07:00:00,186.75335149713524
2016-02-27 08:00:00,186.78549138110665
2016-02-27 09:00:00,186.81763126507806
2016-02-27 10:00:00,156.0962442600587
2016-02-27 11:00:00,156.12195616723588
2016-02-27 12:00:00,156.147668074413
2016-02-27 13:00:00,156.17337998159016
2016-02-27 14:00:00,156.1990918887673
2016-02-27 15:00:00,156.22480379594447
2016-02-27 16:00:00,156.25051570312158
2016-02-27 17:00:00,217.8732730634003
2016-02-27 18:00:00,217.911840924166
2016-02-27 19:00:00,217.95040878493174
2016-02-27 20:00:00,217.98897664569745
2016-02-27 21:00:00,135.8295854831887
2016-02-27 22:00:00,135.85101207250295
2016-02-27 23:00:00,63.9192272914121
2016-02-28 00:00:00,63.925655268206384
2016-02-28 01:00:00,63.93208324500068
2016-02-28 02:00:00,63.93851122179496
2016-02-28 03:00:00,63.944939198589246
2016-02-28 04:00:00,63.95136717538354
2016-02-28 05:00:00,63.95779515217782
2016-02-28 06:00:00,187.4925688284781
2016-02-28 07:00:00,187.52470871244952
2016-02-28 08:00:00,187.55684859642096
2016-02-28 09:00:00,187.58898848039237
2016-02-28 10:00:00,156.71333003231018
2016-02-28 11:00:00,156.73904193948732
2016-02-28 12:00:00,156.76475384666446
2016-02-28 13:00:00,156.7904657538416
2016-02-28 14:00:00,156.81617766101874
2016-02-28 15:00:00,156.84188956819588
2016-02-28 16:00:00,156.86760147537302
2016-02-28 17:00:00,218.79890172177747
2016-02-28 18:00:00,218.8374695825432
2016-02-28 19:00:00,218.87603744330892
2016-02-28 20:00:00,218.9146053040746
2016-02-28 21:00:00,136.3438236267316
2016-02-28 22:00:00,136.36525021604587
2016-02-28 23:00:00,64.07349873447497
2016-02-29 00:00:00,64.07992671126925
2016-02-29 01:00:00,64.08635468806354
2016-02-29 02:00:00,64.09278266485782
2016-02-29 03:00:00,64.0992106416521
2016-02-29 04:00:00,64.10563861844639
2016-02-29 05:00:00,64.11206659524068
2016-02-29 06:00:00,188.26392604379242
2016-02-29 07:00:00,188.29606592776383
2016-02-29 08:00:00,188.32820581173527
2016-02-29 09:00:00,188.3603456957067
2016-02-29 10:00:00,157.33041580456162
2016-02-29 11:00:00,157.35612771173876
2016-02-29 12:00:00,157.3818396189159
2016-02-29 13:00:00,157.40755152609302
2016-02-29 14:00:00,157.4332634332702
2016-02-29 15:00:00,157.45897534044735
2016-02-29 16:00:00,157.4846872476245
2016-02-29 17:00:00,219.72453038015462
2016-02-29 18:00:00,219.76309824092036
2016-02-29 19:00:00,219.80166610168607
2016-02-29 20:00:00,219.8402339624518
2016-02-29 21:00:00,136.85806177027445
2016-02-29 22:00:00,136.87948835958872
2016-02-29 23:00:00,64.22777017753783
2016-03-01 00:00:00,64.23419815433212
